run_name,job_algorithm,worker_algorithm,total_duration_seconds,total_jobs_completed,worker_count,benchmark_success,error_message,warm_up_phase,measurement_phase,jobs_completed,throughput_jobs_per_second,avg_worker_utilisation_percent,avg_queue_time_ms,avg_processing_time_ms,total_received_jobs,failed_jobs,pending_jobs,in_progress_jobs,job_success_rate,reallocated_jobs,avg_recovery_time_ms,fairness_index,load_distribution_std,active_workers,total_workers,worker_participation_rate,cold_start_rate_percent,avg_cold_start_penalty_ms,total_cold_starts,avg_warm_penalty_ms,cold_penalty_percent_of_execution,warm_penalty_percent_of_execution,total_penalty_percent_of_execution,cold_state_percent,warm_state_percent,hot_state_percent,warm_up_duration,warm_up_jobs_completed,measurement_duration,measurement_jobs_completed,measurement_cold_starts
run_2025-08-01_17-59_rr_job_random_worker_iter01,rr_job,random_worker,150.47669506072998,2,4,True,,"{'duration_seconds': 32.0, 'jobs_completed': 34}","{'duration_seconds': 147.0, 'jobs_completed': 154, 'cold_starts': 0, 'cold_start_rate_percent': 2.13}",188,1.027,25.73,170.21,1001.97,188,0,0,0,100.0,0,0.0,0.981,6.48,4,4,100.0,2.13,300.0,4,50.0,0.64,0.37,1.01,2.13,7.45,90.43,32.0,34,147.0,154,0
run_2025-08-01_17-59_rr_job_random_worker_iter02,rr_job,random_worker,150.4431550502777,2,4,True,,"{'duration_seconds': 31.0, 'jobs_completed': 28}","{'duration_seconds': 146.0, 'jobs_completed': 156, 'cold_starts': 0, 'cold_start_rate_percent': 2.17}",184,1.011,23.97,97.83,948.28,184,0,0,0,100.0,0,0.0,0.992,4.06,4,4,100.0,2.17,300.0,4,50.0,0.69,0.52,1.2,2.17,9.78,88.04,31.0,28,146.0,156,0
run_2025-08-01_17-59_rr_job_random_worker_iter03,rr_job,random_worker,150.52665495872498,1,4,True,,"{'duration_seconds': 31.0, 'jobs_completed': 29}","{'duration_seconds': 149.0, 'jobs_completed': 154, 'cold_starts': 0, 'cold_start_rate_percent': 2.19}",183,1.0,25.22,147.54,1008.67,183,0,0,0,100.0,0,0.0,0.993,3.9,4,4,100.0,2.19,300.0,4,50.0,0.65,0.24,0.89,2.19,4.92,92.9,31.0,29,149.0,154,0
run_2025-08-01_17-59_rr_job_random_worker_iter04,rr_job,random_worker,150.56181287765503,0,4,True,,"{'duration_seconds': 31.0, 'jobs_completed': 30}","{'duration_seconds': 152.0, 'jobs_completed': 144, 'cold_starts': 0, 'cold_start_rate_percent': 2.3}",174,0.941,23.55,143.68,1001.43,174,0,0,0,100.0,0,0.0,0.969,7.76,4,4,100.0,2.3,300.0,4,50.0,0.69,0.4,1.09,2.3,8.05,89.66,31.0,30,152.0,144,0
run_2025-08-01_17-59_rr_job_random_worker_iter05,rr_job,random_worker,150.6521770954132,1,4,True,,"{'duration_seconds': 30.0, 'jobs_completed': 29}","{'duration_seconds': 147.0, 'jobs_completed': 152, 'cold_starts': 0, 'cold_start_rate_percent': 2.21}",181,0.989,26.51,149.17,1072.17,181,0,0,0,100.0,0,0.0,0.99,4.6,4,4,100.0,2.21,300.0,4,50.0,0.62,0.26,0.88,2.21,5.52,92.27,30.0,29,147.0,152,0
run_2025-08-01_17-59_rr_job_random_worker_iter06,rr_job,random_worker,150.6176257133484,1,4,True,,"{'duration_seconds': 33.0, 'jobs_completed': 29}","{'duration_seconds': 146.0, 'jobs_completed': 145, 'cold_starts': 0, 'cold_start_rate_percent': 2.3}",174,0.956,22.69,172.41,949.51,174,0,0,0,100.0,0,0.0,0.986,5.12,4,4,100.0,2.3,300.0,4,50.0,0.73,0.45,1.18,2.3,8.62,89.08,33.0,29,146.0,145,0
run_2025-08-01_17-59_rr_job_random_worker_iter07,rr_job,random_worker,150.6763060092926,3,4,True,,"{'duration_seconds': 32.0, 'jobs_completed': 35}","{'duration_seconds': 150.0, 'jobs_completed': 155, 'cold_starts': 0, 'cold_start_rate_percent': 2.11}",190,1.038,26.06,173.68,1004.18,190,0,0,0,100.0,0,0.0,0.993,4.09,4,4,100.0,2.11,300.0,4,50.0,0.63,0.39,1.02,2.11,7.89,90.0,32.0,35,150.0,155,0
run_2025-08-01_17-59_rr_job_random_worker_iter08,rr_job,random_worker,150.66511797904968,0,4,True,,"{'duration_seconds': 31.0, 'jobs_completed': 41}","{'duration_seconds': 151.0, 'jobs_completed': 159, 'cold_starts': 0, 'cold_start_rate_percent': 2.0}",200,1.087,28.07,145.0,1033.07,200,0,0,0,100.0,0,0.0,0.99,4.95,4,4,100.0,2.0,300.0,4,50.0,0.58,0.34,0.92,2.0,7.0,91.0,31.0,41,151.0,159,0
run_2025-08-01_17-59_rr_job_random_worker_iter09,rr_job,random_worker,150.6659550666809,2,4,True,,"{'duration_seconds': 28.0, 'jobs_completed': 33}","{'duration_seconds': 150.0, 'jobs_completed': 171, 'cold_starts': 0, 'cold_start_rate_percent': 1.96}",204,1.115,28.61,122.55,1026.77,204,0,0,0,100.0,0,0.0,0.981,7.18,4,4,100.0,1.96,300.0,4,50.0,0.57,0.19,0.76,1.96,3.92,94.12,28.0,33,150.0,171,0
run_2025-08-01_17-59_rr_job_random_worker_iter10,rr_job,random_worker,150.65147495269775,0,4,True,,"{'duration_seconds': 32.0, 'jobs_completed': 30}","{'duration_seconds': 146.0, 'jobs_completed': 141, 'cold_starts': 0, 'cold_start_rate_percent': 2.92}",171,0.945,23.12,163.74,978.89,171,0,0,0,100.0,0,0.0,0.963,8.44,4,4,100.0,2.92,300.0,5,50.0,0.9,0.33,1.22,2.92,6.43,90.64,32.0,30,146.0,141,0
run_2025-08-01_17-59_rr_job_rr_worker_iter01,rr_job,rr_worker,150.658597946167,0,4,True,,"{'duration_seconds': 31.0, 'jobs_completed': 45}","{'duration_seconds': 146.0, 'jobs_completed': 139, 'cold_starts': 0, 'cold_start_rate_percent': 2.17}",184,1.017,26.16,108.7,1029.24,184,0,0,0,100.0,0,0.0,1.0,0.0,4,4,100.0,2.17,300.0,4,50.0,0.63,0.11,0.74,2.17,2.17,95.65,31.0,45,146.0,139,0
run_2025-08-01_17-59_rr_job_rr_worker_iter02,rr_job,rr_worker,150.67756581306458,2,4,True,,"{'duration_seconds': 29.0, 'jobs_completed': 33}","{'duration_seconds': 149.0, 'jobs_completed': 165, 'cold_starts': 0, 'cold_start_rate_percent': 2.02}",198,1.088,26.44,151.52,972.2,198,0,0,0,100.0,0,0.0,1.0,0.5,4,4,100.0,2.02,300.0,4,50.0,0.62,0.08,0.7,2.02,1.52,96.46,29.0,33,149.0,165,0
run_2025-08-01_17-59_rr_job_rr_worker_iter03,rr_job,rr_worker,150.55858874320984,0,4,True,,"{'duration_seconds': 29.0, 'jobs_completed': 30}","{'duration_seconds': 149.0, 'jobs_completed': 135, 'cold_starts': 0, 'cold_start_rate_percent': 2.42}",165,0.902,23.06,115.15,1023.16,165,0,0,0,100.0,0,0.0,1.0,0.43,4,4,100.0,2.42,300.0,4,50.0,0.71,0.15,0.86,2.42,3.03,94.55,29.0,30,149.0,135,0
run_2025-08-01_17-59_rr_job_rr_worker_iter04,rr_job,rr_worker,150.64703702926636,1,4,True,,"{'duration_seconds': 29.0, 'jobs_completed': 48}","{'duration_seconds': 149.0, 'jobs_completed': 162, 'cold_starts': 0, 'cold_start_rate_percent': 1.9}",210,1.148,29.97,90.48,1044.67,210,0,0,0,100.0,0,0.0,1.0,0.5,4,4,100.0,1.9,300.0,4,50.0,0.55,0.05,0.59,1.9,0.95,97.14,29.0,48,149.0,162,0
run_2025-08-01_17-59_rr_job_rr_worker_iter05,rr_job,rr_worker,150.60213565826416,3,4,True,,"{'duration_seconds': 31.0, 'jobs_completed': 46}","{'duration_seconds': 147.0, 'jobs_completed': 154, 'cold_starts': 0, 'cold_start_rate_percent': 2.0}",200,1.099,27.53,190.0,1002.12,200,0,0,0,100.0,0,0.0,1.0,0.0,4,4,100.0,2.0,300.0,4,0.0,0.6,0.0,0.6,2.0,0.0,98.0,31.0,46,147.0,154,0
run_2025-08-01_17-59_rr_job_rr_worker_iter06,rr_job,rr_worker,150.60031080245972,0,4,True,,"{'duration_seconds': 31.0, 'jobs_completed': 33}","{'duration_seconds': 148.0, 'jobs_completed': 164, 'cold_starts': 0, 'cold_start_rate_percent': 2.03}",197,1.077,28.82,147.21,1070.83,197,0,0,0,100.0,0,0.0,1.0,0.43,4,4,100.0,2.03,300.0,4,50.0,0.57,0.05,0.62,2.03,1.02,96.95,31.0,33,148.0,164,0
run_2025-08-01_17-59_rr_job_rr_worker_iter07,rr_job,rr_worker,150.67953205108643,1,4,True,,"{'duration_seconds': 32.0, 'jobs_completed': 32}","{'duration_seconds': 148.0, 'jobs_completed': 133, 'cold_starts': 0, 'cold_start_rate_percent': 2.42}",165,0.902,23.43,121.21,1039.47,165,0,0,0,100.0,0,0.0,1.0,0.43,4,4,100.0,2.42,300.0,4,50.0,0.7,0.23,0.93,2.42,4.85,92.73,32.0,32,148.0,133,0
run_2025-08-01_17-59_rr_job_rr_worker_iter08,rr_job,rr_worker,150.64775395393372,0,4,True,,"{'duration_seconds': 31.0, 'jobs_completed': 28}","{'duration_seconds': 146.0, 'jobs_completed': 151, 'cold_starts': 0, 'cold_start_rate_percent': 2.23}",179,0.989,21.92,72.63,886.63,179,0,0,0,100.0,0,0.0,1.0,0.43,4,4,100.0,2.23,300.0,4,50.0,0.76,0.09,0.85,2.23,1.68,96.09,31.0,28,146.0,151,0
run_2025-08-01_17-59_rr_job_rr_worker_iter09,rr_job,rr_worker,150.69235920906067,0,4,True,,"{'duration_seconds': 30.0, 'jobs_completed': 42}","{'duration_seconds': 148.0, 'jobs_completed': 152, 'cold_starts': 0, 'cold_start_rate_percent': 2.06}",194,1.072,25.44,144.33,949.31,194,0,0,0,100.0,0,0.0,1.0,0.5,4,4,100.0,2.06,300.0,4,50.0,0.65,0.03,0.68,2.06,0.52,97.42,30.0,42,148.0,152,0
run_2025-08-01_17-59_rr_job_rr_worker_iter10,rr_job,rr_worker,150.71841621398926,0,4,True,,"{'duration_seconds': 31.0, 'jobs_completed': 47}","{'duration_seconds': 147.0, 'jobs_completed': 169, 'cold_starts': 0, 'cold_start_rate_percent': 1.85}",216,1.187,30.81,125.0,1038.34,216,0,0,0,100.0,0,0.0,1.0,0.0,4,4,100.0,1.85,300.0,4,50.0,0.54,0.09,0.62,1.85,1.85,96.3,31.0,47,147.0,169,0
run_2025-08-01_17-59_rr_job_least_loaded_fair_iter01,rr_job,least_loaded_fair,150.66619992256165,2,4,True,,"{'duration_seconds': 36.0, 'jobs_completed': 40}","{'duration_seconds': 150.0, 'jobs_completed': 152, 'cold_starts': 0, 'cold_start_rate_percent': 2.6}",192,1.038,28.41,166.67,1088.41,193,0,0,1,100.0,0,0.0,0.668,33.87,4,4,100.0,2.6,300.0,5,50.0,0.72,0.14,0.86,2.6,3.12,94.27,36.0,40,150.0,152,0
run_2025-08-01_17-59_rr_job_least_loaded_fair_iter02,rr_job,least_loaded_fair,150.6663691997528,0,4,True,,"{'duration_seconds': 34.0, 'jobs_completed': 36}","{'duration_seconds': 100.0, 'jobs_completed': 105, 'cold_starts': 0, 'cold_start_rate_percent': 3.55}",141,0.779,20.93,99.29,1074.47,206,0,0,65,100.0,0,0.0,0.464,37.88,3,4,75.0,3.55,300.0,5,50.0,0.99,0.1,1.09,3.55,2.13,94.33,34.0,36,100.0,105,0
run_2025-08-01_17-59_rr_job_least_loaded_fair_iter03,rr_job,least_loaded_fair,150.6165702342987,3,4,True,,"{'duration_seconds': 30.0, 'jobs_completed': 30}","{'duration_seconds': 149.0, 'jobs_completed': 143, 'cold_starts': 0, 'cold_start_rate_percent': 2.31}",173,0.94,24.06,132.95,1023.4,173,0,0,0,100.0,0,0.0,0.556,38.69,3,4,75.0,2.31,300.0,4,50.0,0.68,0.17,0.85,2.31,3.47,94.22,30.0,30,149.0,143,0
run_2025-08-01_17-59_rr_job_least_loaded_fair_iter04,rr_job,least_loaded_fair,150.67784595489502,1,4,True,,"{'duration_seconds': 33.0, 'jobs_completed': 33}","{'duration_seconds': 149.0, 'jobs_completed': 161, 'cold_starts': 0, 'cold_start_rate_percent': 2.58}",194,1.054,26.02,231.96,983.03,195,0,0,1,100.0,0,0.0,0.579,41.37,4,4,100.0,2.58,300.0,5,50.0,0.79,0.08,0.87,2.58,1.55,95.88,33.0,33,149.0,161,0
run_2025-08-01_17-59_rr_job_least_loaded_fair_iter05,rr_job,least_loaded_fair,150.67135000228882,0,4,True,,"{'duration_seconds': 32.0, 'jobs_completed': 34}","{'duration_seconds': 119.0, 'jobs_completed': 128, 'cold_starts': 0, 'cold_start_rate_percent': 1.85}",162,0.9,21.02,141.98,934.29,191,0,0,29,100.0,0,0.0,0.549,36.72,3,4,75.0,1.85,300.0,3,50.0,0.59,0.13,0.73,1.85,2.47,95.68,32.0,34,119.0,128,0
run_2025-08-01_17-59_rr_job_least_loaded_fair_iter06,rr_job,least_loaded_fair,150.6568672657013,0,4,True,,"{'duration_seconds': 28.0, 'jobs_completed': 32}","{'duration_seconds': 122.0, 'jobs_completed': 128, 'cold_starts': 0, 'cold_start_rate_percent': 3.12}",160,0.889,24.57,137.5,1105.44,194,0,0,34,100.0,0,0.0,0.519,38.48,3,4,75.0,3.12,300.0,5,50.0,0.85,0.08,0.93,3.12,1.88,95.0,28.0,32,122.0,128,0
run_2025-08-01_17-59_rr_job_least_loaded_fair_iter07,rr_job,least_loaded_fair,150.6262559890747,0,4,True,,"{'duration_seconds': 32.0, 'jobs_completed': 29}","{'duration_seconds': 149.0, 'jobs_completed': 149, 'cold_starts': 0, 'cold_start_rate_percent': 2.81}",178,0.967,26.14,191.01,1076.88,182,0,0,4,100.0,0,0.0,0.617,35.06,4,4,100.0,2.81,300.0,5,50.0,0.78,0.21,0.99,2.81,4.49,92.7,32.0,29,149.0,149,0
run_2025-08-01_17-59_rr_job_least_loaded_fair_iter08,rr_job,least_loaded_fair,150.62784576416016,1,4,True,,"{'duration_seconds': 31.0, 'jobs_completed': 27}","{'duration_seconds': 148.0, 'jobs_completed': 162, 'cold_starts': 0, 'cold_start_rate_percent': 2.12}",189,1.044,28.61,201.06,1096.08,189,0,0,0,100.0,0,0.0,0.615,37.42,4,4,100.0,2.12,300.0,4,50.0,0.58,0.1,0.68,2.12,2.12,95.77,31.0,27,148.0,162,0
run_2025-08-01_17-59_rr_job_least_loaded_fair_iter09,rr_job,least_loaded_fair,150.6299488544464,2,4,True,,"{'duration_seconds': 28.0, 'jobs_completed': 32}","{'duration_seconds': 150.0, 'jobs_completed': 141, 'cold_starts': 0, 'cold_start_rate_percent': 2.31}",173,0.935,21.6,184.97,924.09,173,0,0,0,100.0,0,0.0,0.527,40.98,3,4,75.0,2.31,300.0,4,50.0,0.75,0.09,0.84,2.31,1.73,95.95,28.0,32,150.0,141,0
run_2025-08-01_17-59_rr_job_least_loaded_fair_iter10,rr_job,least_loaded_fair,150.6441080570221,2,4,True,,"{'duration_seconds': 29.0, 'jobs_completed': 32}","{'duration_seconds': 149.0, 'jobs_completed': 135, 'cold_starts': 0, 'cold_start_rate_percent': 2.99}",167,0.918,21.11,101.8,915.94,170,0,0,3,100.0,0,0.0,0.588,34.95,3,4,75.0,2.99,300.0,5,50.0,0.98,0.2,1.18,2.99,3.59,93.41,29.0,32,149.0,135,0
run_2025-08-01_17-59_rr_job_fastest_worker_fair_iter01,rr_job,fastest_worker_fair,150.68182396888733,0,4,True,,"{'duration_seconds': 48.0, 'jobs_completed': 41}","{'duration_seconds': 73.0, 'jobs_completed': 80, 'cold_starts': 0, 'cold_start_rate_percent': 0.83}",121,0.669,17.46,157.02,1044.91,189,0,0,68,100.0,0,0.0,0.381,38.58,3,4,75.0,0.83,300.0,1,50.0,0.24,0.08,0.32,0.83,1.65,97.52,48.0,41,73.0,80,0
run_2025-08-01_17-59_rr_job_fastest_worker_fair_iter02,rr_job,fastest_worker_fair,150.5225329399109,0,4,True,,"{'duration_seconds': 35.0, 'jobs_completed': 33}","{'duration_seconds': 109.0, 'jobs_completed': 104, 'cold_starts': 0, 'cold_start_rate_percent': 2.19}",137,0.757,20.38,124.09,1077.18,195,0,0,58,100.0,0,0.0,0.44,38.65,3,4,75.0,2.19,300.0,3,50.0,0.61,0.1,0.71,2.19,2.19,95.62,35.0,33,109.0,104,0
run_2025-08-01_17-59_rr_job_fastest_worker_fair_iter03,rr_job,fastest_worker_fair,150.66824007034302,0,4,True,,"{'duration_seconds': 35.0, 'jobs_completed': 33}","{'duration_seconds': 120.0, 'jobs_completed': 137, 'cold_starts': 0, 'cold_start_rate_percent': 2.35}",170,0.95,26.87,129.41,1131.85,202,0,0,32,100.0,0,0.0,0.521,40.78,3,4,75.0,2.35,300.0,4,50.0,0.62,0.05,0.68,2.35,1.18,96.47,35.0,33,120.0,137,0
run_2025-08-01_17-59_rr_job_fastest_worker_fair_iter04,rr_job,fastest_worker_fair,150.63094878196716,0,4,True,,"{'duration_seconds': 43.0, 'jobs_completed': 29}","{'duration_seconds': 77.0, 'jobs_completed': 67, 'cold_starts': 0, 'cold_start_rate_percent': 1.04}",96,0.536,15.34,135.42,1143.98,168,0,0,72,100.0,0,0.0,0.25,41.57,1,4,25.0,1.04,300.0,1,0.0,0.27,0.0,0.27,1.04,0.0,98.96,43.0,29,77.0,67,0
run_2025-08-01_17-59_rr_job_fastest_worker_fair_iter05,rr_job,fastest_worker_fair,150.63201093673706,0,4,True,,"{'duration_seconds': 35.0, 'jobs_completed': 36}","{'duration_seconds': 109.0, 'jobs_completed': 90, 'cold_starts': 0, 'cold_start_rate_percent': 3.17}",126,0.696,18.62,246.03,1070.08,158,0,0,32,100.0,0,0.0,0.397,38.84,3,4,75.0,3.17,300.0,4,50.0,0.89,0.11,1.0,3.17,2.38,94.44,35.0,36,109.0,90,0
run_2025-08-01_17-59_rr_job_fastest_worker_fair_iter06,rr_job,fastest_worker_fair,150.66264820098877,0,4,True,,"{'duration_seconds': 36.0, 'jobs_completed': 29}","{'duration_seconds': 84.0, 'jobs_completed': 76, 'cold_starts': 0, 'cold_start_rate_percent': 1.9}",105,0.574,16.91,76.19,1178.65,181,0,0,76,100.0,0,0.0,0.297,40.39,3,4,75.0,1.9,300.0,2,50.0,0.48,0.04,0.53,1.9,0.95,97.14,36.0,29,84.0,76,0
run_2025-08-01_17-59_rr_job_fastest_worker_fair_iter07,rr_job,fastest_worker_fair,150.6528298854828,0,4,True,,"{'duration_seconds': 33.0, 'jobs_completed': 30}","{'duration_seconds': 79.0, 'jobs_completed': 71, 'cold_starts': 0, 'cold_start_rate_percent': 1.98}",101,0.561,15.24,89.11,1086.67,185,0,0,84,100.0,0,0.0,0.276,40.9,2,4,50.0,1.98,300.0,2,0.0,0.55,0.0,0.55,1.98,0.0,98.02,33.0,30,79.0,71,0
run_2025-08-01_17-59_rr_job_fastest_worker_fair_iter08,rr_job,fastest_worker_fair,150.6740322113037,0,4,True,,"{'duration_seconds': 30.0, 'jobs_completed': 31}","{'duration_seconds': 74.0, 'jobs_completed': 78, 'cold_starts': 0, 'cold_start_rate_percent': 3.67}",109,0.609,13.77,55.05,904.74,203,0,0,94,100.0,0,0.0,0.319,39.86,3,4,75.0,3.67,300.0,4,50.0,1.22,0.1,1.32,3.67,1.83,94.5,30.0,31,74.0,78,0
run_2025-08-01_17-59_rr_job_fastest_worker_fair_iter09,rr_job,fastest_worker_fair,150.5299789905548,0,4,True,,"{'duration_seconds': 32.0, 'jobs_completed': 33}","{'duration_seconds': 145.0, 'jobs_completed': 137, 'cold_starts': 0, 'cold_start_rate_percent': 1.76}",170,0.939,24.87,188.24,1052.52,172,0,0,2,100.0,0,0.0,0.532,39.85,3,4,75.0,1.76,300.0,3,50.0,0.5,0.2,0.7,1.76,4.12,94.12,32.0,33,145.0,137,0
run_2025-08-01_17-59_rr_job_fastest_worker_fair_iter10,rr_job,fastest_worker_fair,150.6234290599823,0,4,True,,"{'duration_seconds': 38.0, 'jobs_completed': 35}","{'duration_seconds': 81.0, 'jobs_completed': 66, 'cold_starts': 0, 'cold_start_rate_percent': 3.96}",101,0.558,14.58,108.91,1045.3,177,0,0,76,100.0,0,0.0,0.276,40.9,2,4,50.0,3.96,300.0,4,0.0,1.14,0.0,1.14,3.96,0.0,96.04,38.0,35,81.0,66,0
run_2025-08-01_17-59_rr_job_network_optimal_fair_iter01,rr_job,network_optimal_fair,150.69704699516296,0,4,True,,"{'duration_seconds': 32.0, 'jobs_completed': 39}","{'duration_seconds': 128.0, 'jobs_completed': 153, 'cold_starts': 0, 'cold_start_rate_percent': 1.56}",192,1.055,23.45,109.38,885.43,216,0,0,24,100.0,0,0.0,0.516,46.51,3,4,75.0,1.56,300.0,3,50.0,0.53,0.03,0.56,1.56,0.52,97.92,32.0,39,128.0,153,0
run_2025-08-01_17-59_rr_job_network_optimal_fair_iter02,rr_job,network_optimal_fair,150.62684202194214,0,4,True,,"{'duration_seconds': 29.0, 'jobs_completed': 27}","{'duration_seconds': 148.0, 'jobs_completed': 141, 'cold_starts': 0, 'cold_start_rate_percent': 2.38}",168,0.928,21.08,166.67,902.55,170,0,0,2,100.0,0,0.0,0.516,40.65,4,4,100.0,2.38,300.0,4,50.0,0.79,0.16,0.96,2.38,2.98,94.64,29.0,27,148.0,141,0
run_2025-08-01_17-59_rr_job_network_optimal_fair_iter03,rr_job,network_optimal_fair,150.64202785491943,0,4,True,,"{'duration_seconds': 32.0, 'jobs_completed': 37}","{'duration_seconds': 142.0, 'jobs_completed': 137, 'cold_starts': 0, 'cold_start_rate_percent': 2.3}",174,0.972,26.53,143.68,1091.61,181,0,0,7,100.0,0,0.0,0.538,40.28,3,4,75.0,2.3,300.0,4,50.0,0.63,0.11,0.74,2.3,2.3,95.4,32.0,37,142.0,137,0
run_2025-08-01_17-59_rr_job_network_optimal_fair_iter04,rr_job,network_optimal_fair,150.63399004936218,0,4,True,,"{'duration_seconds': 36.0, 'jobs_completed': 44}","{'duration_seconds': 127.0, 'jobs_completed': 154, 'cold_starts': 0, 'cold_start_rate_percent': 3.03}",198,1.106,27.9,126.26,1006.04,222,0,0,24,100.0,0,0.0,0.669,34.82,4,4,100.0,3.03,300.0,6,50.0,0.9,0.1,1.0,3.03,2.02,94.95,36.0,44,127.0,154,0
run_2025-08-01_17-59_rr_job_network_optimal_fair_iter05,rr_job,network_optimal_fair,150.5900068283081,0,4,True,,"{'duration_seconds': 30.0, 'jobs_completed': 24}","{'duration_seconds': 85.0, 'jobs_completed': 77, 'cold_starts': 0, 'cold_start_rate_percent': 1.98}",101,0.564,15.03,138.61,1065.17,171,0,0,70,100.0,0,0.0,0.276,40.9,2,4,50.0,1.98,300.0,2,50.0,0.56,0.05,0.6,1.98,0.99,97.03,30.0,24,85.0,77,0
run_2025-08-01_17-59_rr_job_network_optimal_fair_iter06,rr_job,network_optimal_fair,150.52655601501465,0,4,True,,"{'duration_seconds': 33.0, 'jobs_completed': 29}","{'duration_seconds': 96.0, 'jobs_completed': 85, 'cold_starts': 0, 'cold_start_rate_percent': 1.75}",114,0.633,14.8,43.86,934.93,160,0,0,46,100.0,0,0.0,0.341,39.66,2,4,50.0,1.75,300.0,2,50.0,0.56,0.09,0.66,1.75,1.75,96.49,33.0,29,96.0,85,0
run_2025-08-01_17-59_rr_job_network_optimal_fair_iter07,rr_job,network_optimal_fair,150.65593814849854,0,4,True,,"{'duration_seconds': 32.0, 'jobs_completed': 31}","{'duration_seconds': 99.0, 'jobs_completed': 102, 'cold_starts': 0, 'cold_start_rate_percent': 1.5}",133,0.743,16.85,90.23,907.32,184,0,0,51,100.0,0,0.0,0.418,39.25,2,4,50.0,1.5,300.0,2,50.0,0.5,0.17,0.66,1.5,3.01,95.49,32.0,31,99.0,102,0
run_2025-08-01_17-59_rr_job_network_optimal_fair_iter08,rr_job,network_optimal_fair,150.59799194335938,0,4,True,,"{'duration_seconds': 31.0, 'jobs_completed': 33}","{'duration_seconds': 78.0, 'jobs_completed': 92, 'cold_starts': 0, 'cold_start_rate_percent': 1.6}",125,0.691,14.67,144.0,849.74,201,0,0,76,100.0,0,0.0,0.388,39.21,2,4,50.0,1.6,300.0,2,50.0,0.56,0.19,0.75,1.6,3.2,95.2,31.0,33,78.0,92,0
run_2025-08-01_17-59_rr_job_network_optimal_fair_iter09,rr_job,network_optimal_fair,150.62055277824402,0,4,True,,"{'duration_seconds': 33.0, 'jobs_completed': 29}","{'duration_seconds': 77.0, 'jobs_completed': 77, 'cold_starts': 0, 'cold_start_rate_percent': 0.94}",106,0.589,13.54,113.21,912.64,181,0,0,75,100.0,0,0.0,0.308,39.69,3,4,75.0,0.94,300.0,1,50.0,0.31,0.21,0.52,0.94,3.77,95.28,33.0,29,77.0,77,0
run_2025-08-01_17-59_rr_job_network_optimal_fair_iter10,rr_job,network_optimal_fair,150.6133382320404,1,4,True,,"{'duration_seconds': 32.0, 'jobs_completed': 21}","{'duration_seconds': 148.0, 'jobs_completed': 153, 'cold_starts': 0, 'cold_start_rate_percent': 1.72}",174,0.956,22.04,80.46,916.71,176,0,0,2,100.0,0,0.0,0.536,40.5,3,4,75.0,1.72,300.0,3,50.0,0.56,0.16,0.72,1.72,2.87,95.4,32.0,21,148.0,153,0
run_2025-08-01_17-59_edf_job_random_worker_iter01,edf_job,random_worker,150.6555688381195,3,4,True,,"{'duration_seconds': 31.0, 'jobs_completed': 30}","{'duration_seconds': 148.0, 'jobs_completed': 151, 'cold_starts': 0, 'cold_start_rate_percent': 2.21}",181,0.984,23.62,110.5,960.65,181,0,0,0,100.0,0,0.0,0.986,5.4,4,4,100.0,2.21,300.0,4,50.0,0.69,0.4,1.09,2.21,7.73,90.06,31.0,30,148.0,151,0
run_2025-08-01_17-59_edf_job_random_worker_iter02,edf_job,random_worker,150.6139259338379,0,4,True,,"{'duration_seconds': 30.0, 'jobs_completed': 21}","{'duration_seconds': 146.0, 'jobs_completed': 136, 'cold_starts': 0, 'cold_start_rate_percent': 2.55}",157,0.867,20.9,165.61,963.83,157,0,0,0,100.0,0,0.0,0.97,6.87,4,4,100.0,2.55,300.0,4,50.0,0.79,0.56,1.35,2.55,10.83,86.62,30.0,21,146.0,136,0
run_2025-08-01_17-59_edf_job_random_worker_iter03,edf_job,random_worker,150.52022981643677,1,4,True,,"{'duration_seconds': 33.0, 'jobs_completed': 41}","{'duration_seconds': 150.0, 'jobs_completed': 144, 'cold_starts': 0, 'cold_start_rate_percent': 2.16}",185,1.005,25.58,200.0,1017.86,185,0,0,0,100.0,0,0.0,0.986,5.54,4,4,100.0,2.16,300.0,4,50.0,0.64,0.32,0.96,2.16,6.49,91.35,33.0,41,150.0,144,0
run_2025-08-01_17-59_edf_job_random_worker_iter04,edf_job,random_worker,150.68547797203064,0,4,True,,"{'duration_seconds': 31.0, 'jobs_completed': 36}","{'duration_seconds': 150.0, 'jobs_completed': 178, 'cold_starts': 0, 'cold_start_rate_percent': 1.87}",214,1.163,27.07,149.53,930.91,214,0,0,0,100.0,0,0.0,0.998,2.6,4,4,100.0,1.87,300.0,4,50.0,0.6,0.18,0.78,1.87,3.27,94.86,31.0,36,150.0,178,0
run_2025-08-01_17-59_edf_job_random_worker_iter05,edf_job,random_worker,150.53061485290527,1,4,True,,"{'duration_seconds': 30.0, 'jobs_completed': 28}","{'duration_seconds': 148.0, 'jobs_completed': 165, 'cold_starts': 0, 'cold_start_rate_percent': 2.07}",193,1.06,26.15,98.45,986.21,193,0,0,0,100.0,0,0.0,0.997,2.49,4,4,100.0,2.07,300.0,4,50.0,0.63,0.32,0.95,2.07,6.22,91.71,30.0,28,148.0,165,0
run_2025-08-01_17-59_edf_job_random_worker_iter06,edf_job,random_worker,150.64114475250244,2,4,True,,"{'duration_seconds': 32.0, 'jobs_completed': 36}","{'duration_seconds': 148.0, 'jobs_completed': 161, 'cold_starts': 0, 'cold_start_rate_percent': 2.03}",197,1.077,26.72,142.13,993.0,197,0,0,0,100.0,0,0.0,0.99,4.92,4,4,100.0,2.03,300.0,4,50.0,0.61,0.33,0.95,2.03,6.6,91.37,32.0,36,148.0,161,0
run_2025-08-01_17-59_edf_job_random_worker_iter07,edf_job,random_worker,150.65210390090942,0,4,True,,"{'duration_seconds': 32.0, 'jobs_completed': 32}","{'duration_seconds': 148.0, 'jobs_completed': 149, 'cold_starts': 0, 'cold_start_rate_percent': 2.21}",181,0.984,25.94,171.27,1054.69,181,0,0,0,100.0,0,0.0,0.965,8.58,4,4,100.0,2.21,300.0,4,50.0,0.63,0.37,1.0,2.21,7.73,90.06,32.0,32,148.0,149,0
run_2025-08-01_17-59_edf_job_random_worker_iter08,edf_job,random_worker,150.61387395858765,0,4,True,,"{'duration_seconds': 28.0, 'jobs_completed': 24}","{'duration_seconds': 150.0, 'jobs_completed': 141, 'cold_starts': 0, 'cold_start_rate_percent': 2.42}",165,0.897,22.54,218.18,1005.21,165,0,0,0,100.0,0,0.0,0.993,3.42,4,4,100.0,2.42,300.0,4,50.0,0.72,0.33,1.06,2.42,6.67,90.91,28.0,24,150.0,141,0
run_2025-08-01_17-59_edf_job_random_worker_iter09,edf_job,random_worker,150.6459059715271,1,4,True,,"{'duration_seconds': 31.0, 'jobs_completed': 23}","{'duration_seconds': 145.0, 'jobs_completed': 154, 'cold_starts': 0, 'cold_start_rate_percent': 2.26}",177,0.973,23.13,169.49,951.25,177,0,0,0,100.0,0,0.0,0.991,4.26,4,4,100.0,2.26,300.0,4,50.0,0.71,0.33,1.04,2.26,6.21,91.53,31.0,23,145.0,154,0
run_2025-08-01_17-59_edf_job_random_worker_iter10,edf_job,random_worker,150.6880271434784,0,4,True,,"{'duration_seconds': 30.0, 'jobs_completed': 33}","{'duration_seconds': 148.0, 'jobs_completed': 173, 'cold_starts': 0, 'cold_start_rate_percent': 1.94}",206,1.138,28.31,82.52,994.85,206,0,0,0,100.0,0,0.0,0.98,7.43,4,4,100.0,1.94,300.0,4,50.0,0.59,0.2,0.78,1.94,3.88,94.17,30.0,33,148.0,173,0
run_2025-08-01_17-59_edf_job_rr_worker_iter01,edf_job,rr_worker,150.68775296211243,3,4,True,,"{'duration_seconds': 31.0, 'jobs_completed': 41}","{'duration_seconds': 148.0, 'jobs_completed': 152, 'cold_starts': 0, 'cold_start_rate_percent': 2.07}",193,1.055,23.61,88.08,895.6,193,0,0,0,100.0,0,0.0,1.0,0.43,4,4,100.0,2.07,300.0,4,50.0,0.69,0.23,0.93,2.07,4.15,93.78,31.0,41,148.0,152,0
run_2025-08-01_17-59_edf_job_rr_worker_iter02,edf_job,rr_worker,150.64423990249634,0,4,True,,"{'duration_seconds': 31.0, 'jobs_completed': 42}","{'duration_seconds': 146.0, 'jobs_completed': 144, 'cold_starts': 0, 'cold_start_rate_percent': 2.15}",186,1.016,24.62,166.67,968.75,186,0,0,0,100.0,0,0.0,1.0,0.5,4,4,100.0,2.15,300.0,4,50.0,0.67,0.14,0.8,2.15,2.69,95.16,31.0,42,146.0,144,0
run_2025-08-01_17-59_edf_job_rr_worker_iter03,edf_job,rr_worker,150.6507592201233,0,4,True,,"{'duration_seconds': 31.0, 'jobs_completed': 38}","{'duration_seconds': 145.0, 'jobs_completed': 137, 'cold_starts': 0, 'cold_start_rate_percent': 2.29}",175,0.972,24.56,74.29,1010.57,175,0,0,0,100.0,0,0.0,1.0,0.43,4,4,100.0,2.29,300.0,4,0.0,0.68,0.0,0.68,2.29,0.0,97.71,31.0,38,145.0,137,0
run_2025-08-01_17-59_edf_job_rr_worker_iter04,edf_job,rr_worker,150.60314393043518,4,4,True,,"{'duration_seconds': 30.0, 'jobs_completed': 42}","{'duration_seconds': 151.0, 'jobs_completed': 146, 'cold_starts': 0, 'cold_start_rate_percent': 2.13}",188,1.022,26.21,143.62,1026.07,188,0,0,0,100.0,0,0.0,1.0,0.0,4,4,100.0,2.13,300.0,4,50.0,0.62,0.05,0.67,2.13,1.06,96.81,30.0,42,151.0,146,0
run_2025-08-01_17-59_edf_job_rr_worker_iter05,edf_job,rr_worker,150.56697702407837,0,4,True,,"{'duration_seconds': 30.0, 'jobs_completed': 31}","{'duration_seconds': 148.0, 'jobs_completed': 140, 'cold_starts': 0, 'cold_start_rate_percent': 2.34}",171,0.929,23.3,128.65,1002.84,171,0,0,0,100.0,0,0.0,1.0,0.43,4,4,100.0,2.34,300.0,4,50.0,0.7,0.09,0.79,2.34,1.75,95.91,30.0,31,148.0,140,0
run_2025-08-01_17-59_edf_job_rr_worker_iter06,edf_job,rr_worker,150.52002382278442,1,4,True,,"{'duration_seconds': 29.0, 'jobs_completed': 33}","{'duration_seconds': 147.0, 'jobs_completed': 145, 'cold_starts': 0, 'cold_start_rate_percent': 2.25}",178,0.983,27.5,157.3,1118.68,178,0,0,0,100.0,0,0.0,1.0,0.5,4,4,100.0,2.25,300.0,4,50.0,0.6,0.03,0.63,2.25,0.56,97.19,29.0,33,147.0,145,0
run_2025-08-01_17-59_edf_job_rr_worker_iter07,edf_job,rr_worker,150.6345729827881,0,4,True,,"{'duration_seconds': 29.0, 'jobs_completed': 25}","{'duration_seconds': 150.0, 'jobs_completed': 160, 'cold_starts': 0, 'cold_start_rate_percent': 2.16}",185,1.011,24.45,135.14,967.44,185,0,0,0,100.0,0,0.0,1.0,0.43,4,4,100.0,2.16,300.0,4,50.0,0.67,0.06,0.73,2.16,1.08,96.76,29.0,25,150.0,160,0
run_2025-08-01_17-59_edf_job_rr_worker_iter08,edf_job,rr_worker,150.66497492790222,1,4,True,,"{'duration_seconds': 33.0, 'jobs_completed': 39}","{'duration_seconds': 147.0, 'jobs_completed': 145, 'cold_starts': 0, 'cold_start_rate_percent': 2.17}",184,1.005,23.27,222.83,925.58,184,0,0,0,100.0,0,0.0,1.0,0.0,4,4,100.0,2.17,300.0,4,50.0,0.7,0.06,0.76,2.17,1.09,96.74,33.0,39,147.0,145,0
run_2025-08-01_17-59_edf_job_rr_worker_iter09,edf_job,rr_worker,150.65139412879944,1,4,True,,"{'duration_seconds': 31.0, 'jobs_completed': 45}","{'duration_seconds': 148.0, 'jobs_completed': 136, 'cold_starts': 0, 'cold_start_rate_percent': 2.21}",181,0.989,22.35,127.07,903.88,181,0,0,0,100.0,0,0.0,1.0,0.43,4,4,100.0,2.21,300.0,4,50.0,0.73,0.09,0.83,2.21,1.66,96.13,31.0,45,148.0,136,0
run_2025-08-01_17-59_edf_job_rr_worker_iter10,edf_job,rr_worker,150.63477611541748,0,4,True,,"{'duration_seconds': 27.0, 'jobs_completed': 31}","{'duration_seconds': 147.0, 'jobs_completed': 143, 'cold_starts': 0, 'cold_start_rate_percent': 2.3}",174,0.967,21.74,143.68,899.57,174,0,0,0,100.0,0,0.0,1.0,0.5,4,4,100.0,2.3,300.0,4,50.0,0.77,0.13,0.89,2.3,2.3,95.4,27.0,31,147.0,143,0
run_2025-08-01_17-59_edf_job_least_loaded_fair_iter01,edf_job,least_loaded_fair,150.64667320251465,1,4,True,,"{'duration_seconds': 30.0, 'jobs_completed': 30}","{'duration_seconds': 148.0, 'jobs_completed': 141, 'cold_starts': 0, 'cold_start_rate_percent': 3.51}",171,0.94,24.71,116.96,1045.49,173,0,0,2,100.0,0,0.0,0.608,34.32,4,4,100.0,3.51,300.0,6,50.0,1.01,0.14,1.15,3.51,2.92,93.57,30.0,30,148.0,141,0
run_2025-08-01_17-59_edf_job_least_loaded_fair_iter02,edf_job,least_loaded_fair,150.6948549747467,2,4,True,,"{'duration_seconds': 32.0, 'jobs_completed': 46}","{'duration_seconds': 146.0, 'jobs_completed': 155, 'cold_starts': 0, 'cold_start_rate_percent': 2.99}",201,1.104,30.66,164.18,1110.52,201,0,0,0,100.0,0,0.0,0.617,39.56,4,4,100.0,2.99,300.0,6,50.0,0.81,0.13,0.94,2.99,2.99,94.03,32.0,46,146.0,155,0
run_2025-08-01_17-59_edf_job_least_loaded_fair_iter03,edf_job,least_loaded_fair,150.62910103797913,0,4,True,,"{'duration_seconds': 32.0, 'jobs_completed': 26}","{'duration_seconds': 146.0, 'jobs_completed': 143, 'cold_starts': 0, 'cold_start_rate_percent': 1.78}",169,0.923,20.48,59.17,887.19,169,0,0,0,100.0,0,0.0,0.615,33.39,3,4,75.0,1.78,300.0,3,50.0,0.6,0.17,0.77,1.78,2.96,95.27,32.0,26,146.0,143,0
run_2025-08-01_17-59_edf_job_least_loaded_fair_iter04,edf_job,least_loaded_fair,150.6539831161499,1,4,True,,"{'duration_seconds': 31.0, 'jobs_completed': 28}","{'duration_seconds': 149.0, 'jobs_completed': 158, 'cold_starts': 0, 'cold_start_rate_percent': 2.15}",186,1.022,22.75,236.56,890.58,186,0,0,0,100.0,0,0.0,0.573,40.12,3,4,75.0,2.15,300.0,4,50.0,0.72,0.12,0.85,2.15,2.15,95.7,31.0,28,149.0,158,0
run_2025-08-01_17-59_edf_job_least_loaded_fair_iter05,edf_job,least_loaded_fair,150.6179759502411,1,4,True,,"{'duration_seconds': 31.0, 'jobs_completed': 24}","{'duration_seconds': 147.0, 'jobs_completed': 134, 'cold_starts': 0, 'cold_start_rate_percent': 2.53}",158,0.868,19.12,101.27,874.73,160,0,0,2,100.0,0,0.0,0.507,38.95,3,4,75.0,2.53,300.0,4,50.0,0.87,0.14,1.01,2.53,2.53,94.94,31.0,24,147.0,134,0
run_2025-08-01_17-59_edf_job_least_loaded_fair_iter06,edf_job,least_loaded_fair,150.67920899391174,0,4,True,,"{'duration_seconds': 34.0, 'jobs_completed': 33}","{'duration_seconds': 126.0, 'jobs_completed': 144, 'cold_starts': 0, 'cold_start_rate_percent': 2.82}",177,0.973,27.19,129.94,1118.38,200,0,0,23,100.0,0,0.0,0.612,35.25,4,4,100.0,2.82,300.0,5,50.0,0.76,0.2,0.96,2.82,4.52,92.66,34.0,33,126.0,144,0
run_2025-08-01_17-59_edf_job_least_loaded_fair_iter07,edf_job,least_loaded_fair,150.65214800834656,0,4,True,,"{'duration_seconds': 29.0, 'jobs_completed': 31}","{'duration_seconds': 148.0, 'jobs_completed': 142, 'cold_starts': 0, 'cold_start_rate_percent': 3.47}",173,0.956,23.39,167.63,974.3,175,0,0,2,100.0,0,0.0,0.594,35.78,4,4,100.0,3.47,300.0,6,50.0,1.07,0.21,1.28,3.47,4.05,92.49,29.0,31,148.0,142,0
run_2025-08-01_17-59_edf_job_least_loaded_fair_iter08,edf_job,least_loaded_fair,150.66623520851135,0,4,True,,"{'duration_seconds': 31.0, 'jobs_completed': 35}","{'duration_seconds': 149.0, 'jobs_completed': 141, 'cold_starts': 0, 'cold_start_rate_percent': 3.41}",176,0.962,27.74,102.27,1147.89,178,0,0,2,100.0,0,0.0,0.607,35.43,4,4,100.0,3.41,300.0,6,50.0,0.89,0.22,1.11,3.41,5.11,91.48,31.0,35,149.0,141,0
run_2025-08-01_17-59_edf_job_least_loaded_fair_iter09,edf_job,least_loaded_fair,150.65952801704407,0,4,True,,"{'duration_seconds': 31.0, 'jobs_completed': 40}","{'duration_seconds': 147.0, 'jobs_completed': 142, 'cold_starts': 0, 'cold_start_rate_percent': 3.3}",182,1.006,25.75,76.92,1019.19,183,0,0,1,100.0,0,0.0,0.61,36.35,4,4,100.0,3.3,300.0,6,50.0,0.97,0.13,1.11,3.3,2.75,93.96,31.0,40,147.0,142,0
run_2025-08-01_17-59_edf_job_least_loaded_fair_iter10,edf_job,least_loaded_fair,150.65690541267395,0,4,True,,"{'duration_seconds': 30.0, 'jobs_completed': 36}","{'duration_seconds': 148.0, 'jobs_completed': 147, 'cold_starts': 0, 'cold_start_rate_percent': 3.28}",183,1.011,28.06,180.33,1104.9,186,0,0,3,100.0,0,0.0,0.656,33.15,4,4,100.0,3.28,300.0,6,50.0,0.89,0.15,1.04,3.28,3.28,93.44,30.0,36,148.0,147,0
run_2025-08-01_17-59_edf_job_fastest_worker_fair_iter01,edf_job,fastest_worker_fair,150.64102816581726,0,4,True,,"{'duration_seconds': 32.0, 'jobs_completed': 30}","{'duration_seconds': 147.0, 'jobs_completed': 146, 'cold_starts': 0, 'cold_start_rate_percent': 2.84}",176,0.967,26.22,68.18,1079.12,178,0,0,2,100.0,0,0.0,0.556,39.33,3,4,75.0,2.84,300.0,5,50.0,0.79,0.11,0.9,2.84,2.27,94.89,32.0,30,147.0,146,0
run_2025-08-01_17-59_edf_job_fastest_worker_fair_iter02,edf_job,fastest_worker_fair,150.65818190574646,0,4,True,,"{'duration_seconds': 30.0, 'jobs_completed': 31}","{'duration_seconds': 75.0, 'jobs_completed': 71, 'cold_starts': 0, 'cold_start_rate_percent': 2.94}",102,0.56,13.37,127.45,954.32,179,0,0,77,100.0,0,0.0,0.281,40.78,2,4,50.0,2.94,300.0,3,50.0,0.92,0.1,1.03,2.94,1.96,95.1,30.0,31,75.0,71,0
run_2025-08-01_17-59_edf_job_fastest_worker_fair_iter03,edf_job,fastest_worker_fair,150.6662220954895,0,4,True,,"{'duration_seconds': 35.0, 'jobs_completed': 42}","{'duration_seconds': 90.0, 'jobs_completed': 94, 'cold_starts': 0, 'cold_start_rate_percent': 2.21}",136,0.756,21.96,139.71,1162.46,181,0,0,45,100.0,0,0.0,0.428,39.34,2,4,50.0,2.21,300.0,3,50.0,0.57,0.03,0.6,2.21,0.74,97.06,35.0,42,90.0,94,0
run_2025-08-01_17-59_edf_job_fastest_worker_fair_iter04,edf_job,fastest_worker_fair,150.57905197143555,0,4,True,,"{'duration_seconds': 33.0, 'jobs_completed': 38}","{'duration_seconds': 81.0, 'jobs_completed': 93, 'cold_starts': 0, 'cold_start_rate_percent': 3.05}",131,0.72,19.29,83.97,1063.89,221,0,0,90,100.0,0,0.0,0.435,37.36,3,4,75.0,3.05,300.0,4,50.0,0.86,0.11,0.97,3.05,2.29,94.66,33.0,38,81.0,93,0
run_2025-08-01_17-59_edf_job_fastest_worker_fair_iter05,edf_job,fastest_worker_fair,150.6336019039154,0,4,True,,"{'duration_seconds': 36.0, 'jobs_completed': 26}","{'duration_seconds': 113.0, 'jobs_completed': 129, 'cold_starts': 0, 'cold_start_rate_percent': 1.94}",155,0.856,22.83,116.13,1066.41,191,0,0,36,100.0,0,0.0,0.528,36.64,3,4,75.0,1.94,300.0,3,50.0,0.54,0.15,0.7,1.94,3.23,94.84,36.0,26,113.0,129,0
run_2025-08-01_17-59_edf_job_fastest_worker_fair_iter06,edf_job,fastest_worker_fair,150.51150918006897,0,4,True,,"{'duration_seconds': 28.0, 'jobs_completed': 28}","{'duration_seconds': 122.0, 'jobs_completed': 118, 'cold_starts': 0, 'cold_start_rate_percent': 3.42}",146,0.811,20.13,157.53,988.51,169,0,0,23,100.0,0,0.0,0.474,38.47,3,4,75.0,3.42,300.0,5,50.0,1.04,0.14,1.18,3.42,2.74,93.84,28.0,28,122.0,118,0
run_2025-08-01_17-59_edf_job_fastest_worker_fair_iter07,edf_job,fastest_worker_fair,150.67055201530457,0,4,True,,"{'duration_seconds': 29.0, 'jobs_completed': 42}","{'duration_seconds': 123.0, 'jobs_completed': 121, 'cold_starts': 0, 'cold_start_rate_percent': 3.07}",163,0.911,22.85,196.32,998.65,188,0,0,25,100.0,0,0.0,0.533,38.17,4,4,100.0,3.07,300.0,5,50.0,0.92,0.06,0.98,3.07,1.23,95.71,29.0,42,123.0,121,0
run_2025-08-01_17-59_edf_job_fastest_worker_fair_iter08,edf_job,fastest_worker_fair,150.6526699066162,0,4,True,,"{'duration_seconds': 30.0, 'jobs_completed': 22}","{'duration_seconds': 82.0, 'jobs_completed': 79, 'cold_starts': 0, 'cold_start_rate_percent': 1.98}",101,0.552,14.76,118.81,1058.14,187,0,0,86,100.0,0,0.0,0.281,40.34,2,4,50.0,1.98,300.0,2,50.0,0.56,0.14,0.7,1.98,2.97,95.05,30.0,22,82.0,79,0
run_2025-08-01_17-59_edf_job_fastest_worker_fair_iter09,edf_job,fastest_worker_fair,150.66900300979614,0,4,True,,"{'duration_seconds': 38.0, 'jobs_completed': 35}","{'duration_seconds': 83.0, 'jobs_completed': 77, 'cold_starts': 0, 'cold_start_rate_percent': 2.68}",112,0.619,18.36,169.64,1187.01,178,0,0,66,100.0,0,0.0,0.333,39.62,3,4,75.0,2.68,300.0,3,50.0,0.68,0.11,0.79,2.68,2.68,94.64,38.0,35,83.0,77,0
run_2025-08-01_17-59_edf_job_fastest_worker_fair_iter10,edf_job,fastest_worker_fair,150.69560503959656,0,4,True,,"{'duration_seconds': 41.0, 'jobs_completed': 37}","{'duration_seconds': 66.0, 'jobs_completed': 75, 'cold_starts': 0, 'cold_start_rate_percent': 1.79}",112,0.619,16.66,294.64,1067.79,205,0,0,93,100.0,0,0.0,0.339,39.11,3,4,75.0,1.79,300.0,2,50.0,0.5,0.17,0.67,1.79,3.57,94.64,41.0,37,66.0,75,0
run_2025-08-01_17-59_edf_job_network_optimal_fair_iter01,edf_job,network_optimal_fair,150.66799426078796,0,4,True,,"{'duration_seconds': 32.0, 'jobs_completed': 28}","{'duration_seconds': 112.0, 'jobs_completed': 131, 'cold_starts': 0, 'cold_start_rate_percent': 1.89}",159,0.878,20.35,169.81,926.76,213,0,0,54,100.0,0,0.0,0.518,38.38,3,4,75.0,1.89,300.0,3,50.0,0.61,0.14,0.75,1.89,2.52,95.6,32.0,28,112.0,131,0
run_2025-08-01_17-59_edf_job_network_optimal_fair_iter02,edf_job,network_optimal_fair,150.6274049282074,0,4,True,,"{'duration_seconds': 30.0, 'jobs_completed': 29}","{'duration_seconds': 141.0, 'jobs_completed': 131, 'cold_starts': 0, 'cold_start_rate_percent': 1.88}",160,0.889,20.93,43.75,941.72,167,0,0,7,100.0,0,0.0,0.499,40.1,3,4,75.0,1.88,300.0,3,50.0,0.6,0.13,0.73,1.88,2.5,95.62,30.0,29,141.0,131,0
run_2025-08-01_17-59_edf_job_network_optimal_fair_iter03,edf_job,network_optimal_fair,150.6432831287384,0,4,True,,"{'duration_seconds': 34.0, 'jobs_completed': 35}","{'duration_seconds': 143.0, 'jobs_completed': 137, 'cold_starts': 0, 'cold_start_rate_percent': 1.74}",172,0.956,26.54,174.42,1111.12,177,0,0,5,100.0,0,0.0,0.545,39.26,3,4,75.0,1.74,300.0,3,50.0,0.47,0.08,0.55,1.74,1.74,96.51,34.0,35,143.0,137,0
run_2025-08-01_17-59_edf_job_network_optimal_fair_iter04,edf_job,network_optimal_fair,150.65681791305542,0,4,True,,"{'duration_seconds': 33.0, 'jobs_completed': 30}","{'duration_seconds': 102.0, 'jobs_completed': 101, 'cold_starts': 0, 'cold_start_rate_percent': 3.05}",131,0.728,18.65,106.87,1025.15,181,0,0,50,100.0,0,0.0,0.43,37.69,3,4,75.0,3.05,300.0,4,50.0,0.89,0.15,1.04,3.05,3.05,93.89,33.0,30,102.0,101,0
run_2025-08-01_17-59_edf_job_network_optimal_fair_iter05,edf_job,network_optimal_fair,150.67564797401428,0,4,True,,"{'duration_seconds': 32.0, 'jobs_completed': 38}","{'duration_seconds': 100.0, 'jobs_completed': 107, 'cold_starts': 0, 'cold_start_rate_percent': 2.07}",145,0.797,18.18,75.86,912.79,195,0,0,50,100.0,0,0.0,0.488,37.16,3,4,75.0,2.07,300.0,3,50.0,0.68,0.15,0.83,2.07,2.76,95.17,32.0,38,100.0,107,0
run_2025-08-01_17-59_edf_job_network_optimal_fair_iter06,edf_job,network_optimal_fair,150.64539980888367,0,4,True,,"{'duration_seconds': 33.0, 'jobs_completed': 29}","{'duration_seconds': 98.0, 'jobs_completed': 98, 'cold_starts': 0, 'cold_start_rate_percent': 2.36}",127,0.702,14.91,110.24,849.94,175,0,0,48,100.0,0,0.0,0.399,39.0,3,4,75.0,2.36,300.0,3,50.0,0.83,0.23,1.07,2.36,3.94,93.7,33.0,29,98.0,98,0
run_2025-08-01_17-59_edf_job_network_optimal_fair_iter07,edf_job,network_optimal_fair,150.63701391220093,0,4,True,,"{'duration_seconds': 36.0, 'jobs_completed': 34}","{'duration_seconds': 86.0, 'jobs_completed': 67, 'cold_starts': 0, 'cold_start_rate_percent': 0.99}",101,0.558,13.49,188.12,967.06,163,0,0,62,100.0,0,0.0,0.276,40.9,2,4,50.0,0.99,300.0,1,50.0,0.31,0.05,0.36,0.99,0.99,98.02,36.0,34,86.0,67,0
run_2025-08-01_17-59_edf_job_network_optimal_fair_iter08,edf_job,network_optimal_fair,150.6472930908203,0,4,True,,"{'duration_seconds': 37.0, 'jobs_completed': 30}","{'duration_seconds': 92.0, 'jobs_completed': 84, 'cold_starts': 0, 'cold_start_rate_percent': 2.63}",114,0.626,17.4,175.44,1111.0,177,0,0,63,100.0,0,0.0,0.341,39.66,2,4,50.0,2.63,300.0,3,50.0,0.71,0.08,0.79,2.63,1.75,95.61,37.0,30,92.0,84,0
run_2025-08-01_17-59_edf_job_network_optimal_fair_iter09,edf_job,network_optimal_fair,150.64505696296692,0,4,True,,"{'duration_seconds': 33.0, 'jobs_completed': 27}","{'duration_seconds': 136.0, 'jobs_completed': 141, 'cold_starts': 0, 'cold_start_rate_percent': 1.79}",168,0.923,23.0,142.86,996.46,183,0,0,15,100.0,0,0.0,0.495,42.43,3,4,75.0,1.79,300.0,3,50.0,0.54,0.06,0.6,1.79,1.19,97.02,33.0,27,136.0,141,0
run_2025-08-01_17-59_edf_job_network_optimal_fair_iter10,edf_job,network_optimal_fair,150.65186595916748,0,4,True,,"{'duration_seconds': 32.0, 'jobs_completed': 32}","{'duration_seconds': 109.0, 'jobs_completed': 108, 'cold_starts': 0, 'cold_start_rate_percent': 2.14}",140,0.773,17.74,185.71,917.21,180,0,0,40,100.0,0,0.0,0.452,38.51,3,4,75.0,2.14,300.0,3,50.0,0.7,0.12,0.82,2.14,2.14,95.71,32.0,32,109.0,108,0
run_2025-08-01_17-59_urgency_job_random_worker_iter01,urgency_job,random_worker,150.65405535697937,4,4,True,,"{'duration_seconds': 31.0, 'jobs_completed': 37}","{'duration_seconds': 149.0, 'jobs_completed': 154, 'cold_starts': 0, 'cold_start_rate_percent': 2.09}",191,1.038,27.79,109.95,1070.71,191,0,0,0,100.0,0,0.0,0.97,8.44,4,4,100.0,2.09,300.0,4,50.0,0.59,0.32,0.9,2.09,6.81,91.1,31.0,37,149.0,154,0
run_2025-08-01_17-59_urgency_job_random_worker_iter02,urgency_job,random_worker,150.52811813354492,2,4,True,,"{'duration_seconds': 29.0, 'jobs_completed': 41}","{'duration_seconds': 148.0, 'jobs_completed': 148, 'cold_starts': 0, 'cold_start_rate_percent': 2.65}",189,1.038,25.3,164.02,974.66,189,0,0,0,100.0,0,0.0,0.98,6.76,4,4,100.0,2.65,300.0,5,50.0,0.81,0.33,1.14,2.65,6.35,91.01,29.0,41,148.0,148,0
run_2025-08-01_17-59_urgency_job_random_worker_iter03,urgency_job,random_worker,150.5683798789978,2,4,True,,"{'duration_seconds': 33.0, 'jobs_completed': 37}","{'duration_seconds': 147.0, 'jobs_completed': 137, 'cold_starts': 0, 'cold_start_rate_percent': 2.3}",174,0.951,24.71,235.63,1039.32,174,0,0,0,100.0,0,0.0,0.997,2.5,4,4,100.0,2.3,300.0,4,50.0,0.66,0.5,1.16,2.3,10.34,87.36,33.0,37,147.0,137,0
run_2025-08-01_17-59_urgency_job_random_worker_iter04,urgency_job,random_worker,150.60099387168884,0,4,True,,"{'duration_seconds': 33.0, 'jobs_completed': 37}","{'duration_seconds': 148.0, 'jobs_completed': 144, 'cold_starts': 0, 'cold_start_rate_percent': 2.76}",181,0.989,25.27,138.12,1021.99,181,0,0,0,100.0,0,0.0,0.985,5.63,4,4,100.0,2.76,300.0,5,50.0,0.81,0.3,1.11,2.76,6.08,91.16,33.0,37,148.0,144,0
run_2025-08-01_17-59_urgency_job_random_worker_iter05,urgency_job,random_worker,150.68241906166077,2,4,True,,"{'duration_seconds': 30.0, 'jobs_completed': 37}","{'duration_seconds': 145.0, 'jobs_completed': 174, 'cold_starts': 0, 'cold_start_rate_percent': 1.9}",211,1.159,28.08,156.4,968.67,211,0,0,0,100.0,0,0.0,0.986,6.3,4,4,100.0,1.9,300.0,4,50.0,0.59,0.22,0.81,1.9,4.27,93.84,30.0,37,145.0,174,0
run_2025-08-01_17-59_urgency_job_random_worker_iter06,urgency_job,random_worker,150.68091583251953,1,4,True,,"{'duration_seconds': 32.0, 'jobs_completed': 39}","{'duration_seconds': 148.0, 'jobs_completed': 163, 'cold_starts': 0, 'cold_start_rate_percent': 1.98}",202,1.11,25.56,222.77,921.25,202,0,0,0,100.0,0,0.0,0.996,3.35,4,4,100.0,1.98,300.0,4,50.0,0.64,0.3,0.94,1.98,5.45,92.57,32.0,39,148.0,163,0
run_2025-08-01_17-59_urgency_job_random_worker_iter07,urgency_job,random_worker,150.64343190193176,1,4,True,,"{'duration_seconds': 32.0, 'jobs_completed': 27}","{'duration_seconds': 148.0, 'jobs_completed': 146, 'cold_starts': 0, 'cold_start_rate_percent': 2.31}",173,0.945,26.0,219.65,1100.28,173,0,0,0,100.0,0,0.0,0.986,5.17,4,4,100.0,2.31,300.0,4,50.0,0.63,0.42,1.05,2.31,9.25,88.44,32.0,27,148.0,146,0
run_2025-08-01_17-59_urgency_job_random_worker_iter08,urgency_job,random_worker,150.66981506347656,1,4,True,,"{'duration_seconds': 30.0, 'jobs_completed': 31}","{'duration_seconds': 148.0, 'jobs_completed': 163, 'cold_starts': 0, 'cold_start_rate_percent': 2.06}",194,1.054,28.28,175.26,1072.73,194,0,0,0,100.0,0,0.0,0.982,6.54,4,4,100.0,2.06,300.0,4,50.0,0.58,0.24,0.82,2.06,5.15,92.78,30.0,31,148.0,163,0
run_2025-08-01_17-59_urgency_job_random_worker_iter09,urgency_job,random_worker,150.61261701583862,1,4,True,,"{'duration_seconds': 31.0, 'jobs_completed': 28}","{'duration_seconds': 147.0, 'jobs_completed': 123, 'cold_starts': 0, 'cold_start_rate_percent': 2.65}",151,0.825,19.49,192.05,944.83,151,0,0,0,100.0,0,0.0,0.993,3.27,4,4,100.0,2.65,300.0,4,50.0,0.84,0.63,1.47,2.65,11.92,85.43,31.0,28,147.0,123,0
run_2025-08-01_17-59_urgency_job_random_worker_iter10,urgency_job,random_worker,150.6290202140808,2,4,True,,"{'duration_seconds': 32.0, 'jobs_completed': 34}","{'duration_seconds': 148.0, 'jobs_completed': 132, 'cold_starts': 0, 'cold_start_rate_percent': 2.41}",166,0.902,24.36,78.31,1080.2,166,0,0,0,100.0,0,0.0,0.996,2.69,4,4,100.0,2.41,300.0,4,50.0,0.67,0.47,1.14,2.41,10.24,87.35,32.0,34,148.0,132,0
run_2025-08-01_17-59_urgency_job_rr_worker_iter01,urgency_job,rr_worker,150.62665009498596,1,4,True,,"{'duration_seconds': 31.0, 'jobs_completed': 37}","{'duration_seconds': 148.0, 'jobs_completed': 130, 'cold_starts': 0, 'cold_start_rate_percent': 2.4}",167,0.908,24.77,113.77,1091.64,167,0,0,0,100.0,0,0.0,1.0,0.43,4,4,100.0,2.4,300.0,4,50.0,0.66,0.08,0.74,2.4,1.8,95.81,31.0,37,148.0,130,0
run_2025-08-01_17-59_urgency_job_rr_worker_iter02,urgency_job,rr_worker,150.7079598903656,3,4,True,,"{'duration_seconds': 28.0, 'jobs_completed': 34}","{'duration_seconds': 150.0, 'jobs_completed': 176, 'cold_starts': 0, 'cold_start_rate_percent': 1.9}",210,1.148,26.57,157.14,926.11,210,0,0,0,100.0,0,0.0,1.0,0.5,4,4,100.0,1.9,300.0,4,0.0,0.62,0.0,0.62,1.9,0.0,98.1,28.0,34,150.0,176,0
run_2025-08-01_17-59_urgency_job_rr_worker_iter03,urgency_job,rr_worker,150.6312870979309,1,4,True,,"{'duration_seconds': 29.0, 'jobs_completed': 30}","{'duration_seconds': 149.0, 'jobs_completed': 148, 'cold_starts': 0, 'cold_start_rate_percent': 2.25}",178,0.973,25.19,129.21,1036.03,178,0,0,0,100.0,0,0.0,1.0,0.5,4,4,100.0,2.25,300.0,4,50.0,0.65,0.11,0.76,2.25,2.25,95.51,29.0,30,149.0,148,0
run_2025-08-01_17-59_urgency_job_rr_worker_iter04,urgency_job,rr_worker,150.6656849384308,2,4,True,,"{'duration_seconds': 29.0, 'jobs_completed': 33}","{'duration_seconds': 148.0, 'jobs_completed': 150, 'cold_starts': 0, 'cold_start_rate_percent': 2.19}",183,1.005,28.42,158.47,1130.44,183,0,0,0,100.0,0,0.0,1.0,0.43,4,4,100.0,2.19,300.0,4,50.0,0.58,0.07,0.65,2.19,1.64,96.17,29.0,33,148.0,150,0
run_2025-08-01_17-59_urgency_job_rr_worker_iter05,urgency_job,rr_worker,150.63847494125366,2,4,True,,"{'duration_seconds': 30.0, 'jobs_completed': 34}","{'duration_seconds': 150.0, 'jobs_completed': 141, 'cold_starts': 0, 'cold_start_rate_percent': 2.29}",175,0.956,22.74,148.57,951.15,175,0,0,0,100.0,0,0.0,1.0,0.43,4,4,100.0,2.29,300.0,4,50.0,0.72,0.06,0.78,2.29,1.14,96.57,30.0,34,150.0,141,0
run_2025-08-01_17-59_urgency_job_rr_worker_iter06,urgency_job,rr_worker,150.67324781417847,0,4,True,,"{'duration_seconds': 33.0, 'jobs_completed': 37}","{'duration_seconds': 144.0, 'jobs_completed': 149, 'cold_starts': 0, 'cold_start_rate_percent': 2.15}",186,1.033,27.59,129.03,1068.04,186,0,0,0,100.0,0,0.0,1.0,0.5,4,4,100.0,2.15,300.0,4,0.0,0.6,0.0,0.6,2.15,0.0,97.85,33.0,37,144.0,149,0
run_2025-08-01_17-59_urgency_job_rr_worker_iter07,urgency_job,rr_worker,150.61861300468445,4,4,True,,"{'duration_seconds': 30.0, 'jobs_completed': 33}","{'duration_seconds': 149.0, 'jobs_completed': 149, 'cold_starts': 0, 'cold_start_rate_percent': 2.2}",182,0.989,26.07,115.38,1054.1,182,0,0,0,100.0,0,0.0,1.0,0.5,4,4,100.0,2.2,300.0,4,50.0,0.63,0.13,0.76,2.2,2.75,95.05,30.0,33,149.0,149,0
run_2025-08-01_17-59_urgency_job_rr_worker_iter08,urgency_job,rr_worker,150.67157983779907,1,4,True,,"{'duration_seconds': 32.0, 'jobs_completed': 48}","{'duration_seconds': 147.0, 'jobs_completed': 158, 'cold_starts': 0, 'cold_start_rate_percent': 1.94}",206,1.126,29.47,150.49,1047.21,206,0,0,0,100.0,0,0.0,1.0,0.5,4,4,100.0,1.94,300.0,4,50.0,0.56,0.09,0.65,1.94,1.94,96.12,32.0,48,147.0,158,0
run_2025-08-01_17-59_urgency_job_rr_worker_iter09,urgency_job,rr_worker,150.52828884124756,0,4,True,,"{'duration_seconds': 32.0, 'jobs_completed': 38}","{'duration_seconds': 146.0, 'jobs_completed': 157, 'cold_starts': 0, 'cold_start_rate_percent': 2.05}",195,1.071,26.1,143.59,974.43,195,0,0,0,100.0,0,0.0,1.0,0.43,4,4,100.0,2.05,300.0,4,50.0,0.63,0.03,0.66,2.05,0.51,97.44,32.0,38,146.0,157,0
run_2025-08-01_17-59_urgency_job_rr_worker_iter10,urgency_job,rr_worker,150.5929400920868,1,4,True,,"{'duration_seconds': 32.0, 'jobs_completed': 36}","{'duration_seconds': 144.0, 'jobs_completed': 163, 'cold_starts': 0, 'cold_start_rate_percent': 2.01}",199,1.093,27.83,95.48,1017.98,199,0,0,0,100.0,0,0.0,1.0,0.43,4,4,100.0,2.01,300.0,4,50.0,0.59,0.12,0.72,2.01,2.51,95.48,32.0,36,144.0,163,0
run_2025-08-01_17-59_urgency_job_least_loaded_fair_iter01,urgency_job,least_loaded_fair,150.57996916770935,0,4,True,,"{'duration_seconds': 31.0, 'jobs_completed': 38}","{'duration_seconds': 124.0, 'jobs_completed': 141, 'cold_starts': 0, 'cold_start_rate_percent': 3.35}",179,1.0,23.71,145.25,948.24,208,0,0,29,100.0,0,0.0,0.6,36.51,4,4,100.0,3.35,300.0,6,50.0,1.06,0.18,1.24,3.35,3.35,93.3,31.0,38,124.0,141,0
run_2025-08-01_17-59_urgency_job_least_loaded_fair_iter02,urgency_job,least_loaded_fair,150.656418800354,1,4,True,,"{'duration_seconds': 34.0, 'jobs_completed': 29}","{'duration_seconds': 151.0, 'jobs_completed': 153, 'cold_starts': 0, 'cold_start_rate_percent': 2.75}",182,0.984,29.75,104.4,1203.01,184,0,0,2,100.0,0,0.0,0.63,34.85,4,4,100.0,2.75,300.0,5,50.0,0.69,0.18,0.87,2.75,4.4,92.86,34.0,29,151.0,153,0
run_2025-08-01_17-59_urgency_job_least_loaded_fair_iter03,urgency_job,least_loaded_fair,150.63811898231506,0,4,True,,"{'duration_seconds': 31.0, 'jobs_completed': 28}","{'duration_seconds': 135.0, 'jobs_completed': 156, 'cold_starts': 0, 'cold_start_rate_percent': 2.72}",184,1.022,25.16,141.3,984.61,196,0,0,12,100.0,0,0.0,0.575,39.54,4,4,100.0,2.72,300.0,5,50.0,0.83,0.14,0.97,2.72,2.72,94.57,31.0,28,135.0,156,0
run_2025-08-01_17-59_urgency_job_least_loaded_fair_iter04,urgency_job,least_loaded_fair,150.66039085388184,0,4,True,,"{'duration_seconds': 32.0, 'jobs_completed': 36}","{'duration_seconds': 131.0, 'jobs_completed': 135, 'cold_starts': 0, 'cold_start_rate_percent': 1.75}",171,0.94,25.66,140.35,1092.31,202,0,0,31,100.0,0,0.0,0.558,38.07,4,4,100.0,1.75,300.0,3,50.0,0.48,0.21,0.7,1.75,4.68,93.57,32.0,36,131.0,135,0
run_2025-08-01_17-59_urgency_job_least_loaded_fair_iter05,urgency_job,least_loaded_fair,150.6540846824646,0,4,True,,"{'duration_seconds': 32.0, 'jobs_completed': 41}","{'duration_seconds': 145.0, 'jobs_completed': 142, 'cold_starts': 0, 'cold_start_rate_percent': 2.73}",183,1.011,21.47,92.9,849.48,183,0,0,0,100.0,0,0.0,0.606,36.89,3,4,75.0,2.73,300.0,5,50.0,0.96,0.13,1.09,2.73,2.19,95.08,32.0,41,145.0,142,0
run_2025-08-01_17-59_urgency_job_least_loaded_fair_iter06,urgency_job,least_loaded_fair,150.68090176582336,1,4,True,,"{'duration_seconds': 33.0, 'jobs_completed': 42}","{'duration_seconds': 147.0, 'jobs_completed': 148, 'cold_starts': 0, 'cold_start_rate_percent': 2.63}",190,1.044,30.75,136.84,1170.93,192,0,0,2,100.0,0,0.0,0.584,40.06,4,4,100.0,2.63,300.0,5,50.0,0.67,0.13,0.81,2.63,3.16,94.21,33.0,42,147.0,148,0
run_2025-08-01_17-59_urgency_job_least_loaded_fair_iter07,urgency_job,least_loaded_fair,150.6496138572693,0,4,True,,"{'duration_seconds': 31.0, 'jobs_completed': 31}","{'duration_seconds': 145.0, 'jobs_completed': 151, 'cold_starts': 0, 'cold_start_rate_percent': 2.2}",182,1.011,24.36,170.33,963.73,182,0,0,0,100.0,0,0.0,0.629,34.92,3,4,75.0,2.2,300.0,4,50.0,0.68,0.14,0.83,2.2,2.75,95.05,31.0,31,145.0,151,0
run_2025-08-01_17-59_urgency_job_least_loaded_fair_iter08,urgency_job,least_loaded_fair,150.68468284606934,0,4,True,,"{'duration_seconds': 34.0, 'jobs_completed': 36}","{'duration_seconds': 113.0, 'jobs_completed': 128, 'cold_starts': 0, 'cold_start_rate_percent': 2.44}",164,0.906,24.85,73.17,1097.09,207,0,0,43,100.0,0,0.0,0.586,34.45,4,4,100.0,2.44,300.0,4,50.0,0.67,0.22,0.89,2.44,4.88,92.68,34.0,36,113.0,128,0
run_2025-08-01_17-59_urgency_job_least_loaded_fair_iter09,urgency_job,least_loaded_fair,150.6616702079773,1,4,True,,"{'duration_seconds': 35.0, 'jobs_completed': 42}","{'duration_seconds': 150.0, 'jobs_completed': 157, 'cold_starts': 0, 'cold_start_rate_percent': 3.02}",199,1.076,26.89,130.65,995.66,200,0,0,1,100.0,0,0.0,0.647,36.71,4,4,100.0,3.02,300.0,6,50.0,0.91,0.08,0.98,3.02,1.51,95.48,35.0,42,150.0,157,0
run_2025-08-01_17-59_urgency_job_least_loaded_fair_iter10,urgency_job,least_loaded_fair,150.63435316085815,3,4,True,,"{'duration_seconds': 31.0, 'jobs_completed': 36}","{'duration_seconds': 149.0, 'jobs_completed': 135, 'cold_starts': 0, 'cold_start_rate_percent': 2.92}",171,0.934,21.19,210.53,907.21,171,0,0,0,100.0,0,0.0,0.592,35.52,4,4,100.0,2.92,300.0,5,50.0,0.97,0.23,1.19,2.92,4.09,92.98,31.0,36,149.0,135,0
run_2025-08-01_17-59_urgency_job_fastest_worker_fair_iter01,urgency_job,fastest_worker_fair,150.66050505638123,1,4,True,,"{'duration_seconds': 35.0, 'jobs_completed': 31}","{'duration_seconds': 154.0, 'jobs_completed': 148, 'cold_starts': 0, 'cold_start_rate_percent': 1.68}",179,0.952,23.65,89.39,986.13,189,0,0,10,100.0,0,0.0,0.529,42.23,3,4,75.0,1.68,300.0,3,50.0,0.51,0.14,0.65,1.68,2.79,95.53,35.0,31,154.0,148,0
run_2025-08-01_17-59_urgency_job_fastest_worker_fair_iter02,urgency_job,fastest_worker_fair,150.66328310966492,0,4,True,,"{'duration_seconds': 36.0, 'jobs_completed': 42}","{'duration_seconds': 77.0, 'jobs_completed': 73, 'cold_starts': 0, 'cold_start_rate_percent': 3.48}",115,0.632,16.76,156.52,1052.17,189,0,0,74,100.0,0,0.0,0.353,38.88,3,4,75.0,3.48,300.0,4,50.0,0.99,0.04,1.03,3.48,0.87,95.65,36.0,42,77.0,73,0
run_2025-08-01_17-59_urgency_job_fastest_worker_fair_iter03,urgency_job,fastest_worker_fair,150.67512917518616,0,4,True,,"{'duration_seconds': 38.0, 'jobs_completed': 33}","{'duration_seconds': 92.0, 'jobs_completed': 104, 'cold_starts': 0, 'cold_start_rate_percent': 2.19}",137,0.757,22.18,182.48,1166.32,194,0,0,57,100.0,0,0.0,0.456,37.44,3,4,75.0,2.19,300.0,3,50.0,0.56,0.13,0.69,2.19,2.92,94.89,38.0,33,92.0,104,0
run_2025-08-01_17-59_urgency_job_fastest_worker_fair_iter04,urgency_job,fastest_worker_fair,150.67856788635254,0,4,True,,"{'duration_seconds': 33.0, 'jobs_completed': 28}","{'duration_seconds': 107.0, 'jobs_completed': 120, 'cold_starts': 0, 'cold_start_rate_percent': 1.35}",148,0.827,22.13,148.65,1070.65,198,0,0,50,100.0,0,0.0,0.459,40.14,2,4,50.0,1.35,300.0,2,50.0,0.38,0.06,0.44,1.35,1.35,97.3,33.0,28,107.0,120,0
run_2025-08-01_17-59_urgency_job_fastest_worker_fair_iter05,urgency_job,fastest_worker_fair,150.64490294456482,0,4,True,,"{'duration_seconds': 31.0, 'jobs_completed': 28}","{'duration_seconds': 91.0, 'jobs_completed': 86, 'cold_starts': 0, 'cold_start_rate_percent': 1.75}",114,0.63,17.29,96.49,1098.34,181,0,0,67,100.0,0,0.0,0.341,39.66,2,4,50.0,1.75,300.0,2,50.0,0.48,0.16,0.64,1.75,3.51,94.74,31.0,28,91.0,86,0
run_2025-08-01_17-59_urgency_job_fastest_worker_fair_iter06,urgency_job,fastest_worker_fair,150.64038395881653,0,4,True,,"{'duration_seconds': 35.0, 'jobs_completed': 27}","{'duration_seconds': 109.0, 'jobs_completed': 115, 'cold_starts': 0, 'cold_start_rate_percent': 2.11}",142,0.785,22.97,119.72,1170.89,192,0,0,50,100.0,0,0.0,0.462,38.34,3,4,75.0,2.11,300.0,3,50.0,0.54,0.12,0.66,2.11,2.82,95.07,35.0,27,109.0,115,0
run_2025-08-01_17-59_urgency_job_fastest_worker_fair_iter07,urgency_job,fastest_worker_fair,150.52592587471008,0,4,True,,"{'duration_seconds': 35.0, 'jobs_completed': 34}","{'duration_seconds': 72.0, 'jobs_completed': 73, 'cold_starts': 0, 'cold_start_rate_percent': 1.87}",107,0.598,16.43,140.19,1099.47,202,0,0,95,100.0,0,0.0,0.307,40.23,2,4,50.0,1.87,300.0,2,50.0,0.51,0.13,0.64,1.87,2.8,95.33,35.0,34,72.0,73,0
run_2025-08-01_17-59_urgency_job_fastest_worker_fair_iter08,urgency_job,fastest_worker_fair,150.6898112297058,0,4,True,,"{'duration_seconds': 38.0, 'jobs_completed': 33}","{'duration_seconds': 68.0, 'jobs_completed': 68, 'cold_starts': 0, 'cold_start_rate_percent': 2.97}",101,0.558,15.11,168.32,1083.29,200,0,0,99,100.0,0,0.0,0.276,40.9,2,4,50.0,2.97,300.0,3,50.0,0.82,0.09,0.91,2.97,1.98,95.05,38.0,33,68.0,68,0
run_2025-08-01_17-59_urgency_job_fastest_worker_fair_iter09,urgency_job,fastest_worker_fair,150.66075491905212,0,4,True,,"{'duration_seconds': 31.0, 'jobs_completed': 25}","{'duration_seconds': 118.0, 'jobs_completed': 126, 'cold_starts': 0, 'cold_start_rate_percent': 1.32}",151,0.844,23.37,92.72,1108.03,182,0,0,31,100.0,0,0.0,0.489,38.58,3,4,75.0,1.32,300.0,2,50.0,0.36,0.12,0.48,1.32,2.65,96.03,31.0,25,118.0,126,0
run_2025-08-01_17-59_urgency_job_fastest_worker_fair_iter10,urgency_job,fastest_worker_fair,150.6812551021576,0,4,True,,"{'duration_seconds': 33.0, 'jobs_completed': 44}","{'duration_seconds': 109.0, 'jobs_completed': 117, 'cold_starts': 0, 'cold_start_rate_percent': 1.86}",161,0.89,23.89,198.76,1068.75,204,0,0,43,100.0,0,0.0,0.503,40.01,3,4,75.0,1.86,300.0,3,0.0,0.52,0.0,0.52,1.86,0.0,98.14,33.0,44,109.0,117,0
run_2025-08-01_17-59_urgency_job_network_optimal_fair_iter01,urgency_job,network_optimal_fair,150.64938592910767,0,4,True,,"{'duration_seconds': 38.0, 'jobs_completed': 33}","{'duration_seconds': 109.0, 'jobs_completed': 99, 'cold_starts': 0, 'cold_start_rate_percent': 2.27}",132,0.725,18.78,98.48,1035.62,176,0,0,44,100.0,0,0.0,0.417,39.01,3,4,75.0,2.27,300.0,3,50.0,0.66,0.11,0.77,2.27,2.27,95.45,38.0,33,109.0,99,0
run_2025-08-01_17-59_urgency_job_network_optimal_fair_iter02,urgency_job,network_optimal_fair,150.63645005226135,0,4,True,,"{'duration_seconds': 33.0, 'jobs_completed': 23}","{'duration_seconds': 146.0, 'jobs_completed': 168, 'cold_starts': 0, 'cold_start_rate_percent': 2.62}",191,1.055,24.69,162.3,931.04,193,0,0,2,100.0,0,0.0,0.572,41.31,3,4,75.0,2.62,300.0,5,50.0,0.84,0.03,0.87,2.62,0.52,96.86,33.0,23,146.0,168,0
run_2025-08-01_17-59_urgency_job_network_optimal_fair_iter03,urgency_job,network_optimal_fair,150.67992115020752,0,4,True,,"{'duration_seconds': 36.0, 'jobs_completed': 42}","{'duration_seconds': 89.0, 'jobs_completed': 90, 'cold_starts': 0, 'cold_start_rate_percent': 3.03}",132,0.721,18.23,106.06,1011.17,191,0,0,59,100.0,0,0.0,0.429,38.07,3,4,75.0,3.03,300.0,4,50.0,0.9,0.19,1.09,3.03,3.79,93.18,36.0,42,89.0,90,0
run_2025-08-01_17-59_urgency_job_network_optimal_fair_iter04,urgency_job,network_optimal_fair,150.66288900375366,1,4,True,,"{'duration_seconds': 34.0, 'jobs_completed': 39}","{'duration_seconds': 149.0, 'jobs_completed': 155, 'cold_starts': 0, 'cold_start_rate_percent': 2.58}",194,1.054,23.67,92.78,892.6,198,0,0,4,100.0,0,0.0,0.659,34.89,4,4,100.0,2.58,300.0,5,50.0,0.87,0.03,0.9,2.58,0.52,96.91,34.0,39,149.0,155,0
run_2025-08-01_17-59_urgency_job_network_optimal_fair_iter05,urgency_job,network_optimal_fair,150.65068078041077,1,4,True,,"{'duration_seconds': 33.0, 'jobs_completed': 32}","{'duration_seconds': 151.0, 'jobs_completed': 161, 'cold_starts': 0, 'cold_start_rate_percent': 2.59}",193,1.032,25.36,124.35,976.25,195,0,0,2,100.0,0,0.0,0.585,40.67,4,4,100.0,2.59,300.0,5,50.0,0.8,0.16,0.96,2.59,3.11,94.3,33.0,32,151.0,161,0
run_2025-08-01_17-59_urgency_job_network_optimal_fair_iter06,urgency_job,network_optimal_fair,150.65625,0,4,True,,"{'duration_seconds': 35.0, 'jobs_completed': 33}","{'duration_seconds': 76.0, 'jobs_completed': 66, 'cold_starts': 0, 'cold_start_rate_percent': 3.03}",99,0.55,15.52,202.02,1128.45,175,0,0,76,100.0,0,0.0,0.266,41.15,2,4,50.0,3.03,300.0,3,0.0,0.81,0.0,0.81,3.03,0.0,96.97,35.0,33,76.0,66,0
run_2025-08-01_17-59_urgency_job_network_optimal_fair_iter07,urgency_job,network_optimal_fair,150.6518588066101,0,4,True,,"{'duration_seconds': 31.0, 'jobs_completed': 33}","{'duration_seconds': 146.0, 'jobs_completed': 137, 'cold_starts': 0, 'cold_start_rate_percent': 3.53}",170,0.939,22.98,135.29,971.91,173,0,0,3,100.0,0,0.0,0.55,38.45,3,4,75.0,3.53,300.0,6,50.0,1.09,0.15,1.24,3.53,2.94,93.53,31.0,33,146.0,137,0
run_2025-08-01_17-59_urgency_job_network_optimal_fair_iter08,urgency_job,network_optimal_fair,150.6126160621643,0,4,True,,"{'duration_seconds': 28.0, 'jobs_completed': 27}","{'duration_seconds': 111.0, 'jobs_completed': 85, 'cold_starts': 0, 'cold_start_rate_percent': 2.68}",112,0.622,12.93,35.71,824.46,145,0,0,33,100.0,0,0.0,0.337,39.3,2,4,50.0,2.68,300.0,3,50.0,0.97,0.11,1.08,2.68,1.79,95.54,28.0,27,111.0,85,0
run_2025-08-01_17-59_urgency_job_network_optimal_fair_iter09,urgency_job,network_optimal_fair,150.65800595283508,0,4,True,,"{'duration_seconds': 30.0, 'jobs_completed': 37}","{'duration_seconds': 91.0, 'jobs_completed': 87, 'cold_starts': 0, 'cold_start_rate_percent': 3.23}",124,0.689,16.46,129.03,949.36,184,0,0,60,100.0,0,0.0,0.404,37.62,3,4,75.0,3.23,300.0,4,50.0,1.02,0.04,1.06,3.23,0.81,95.97,30.0,37,91.0,87,0
run_2025-08-01_17-59_urgency_job_network_optimal_fair_iter10,urgency_job,network_optimal_fair,150.64733219146729,0,4,True,,"{'duration_seconds': 31.0, 'jobs_completed': 33}","{'duration_seconds': 133.0, 'jobs_completed': 140, 'cold_starts': 0, 'cold_start_rate_percent': 1.16}",173,0.951,21.54,144.51,902.2,186,0,0,13,100.0,0,0.0,0.495,43.67,2,4,50.0,1.16,300.0,2,50.0,0.38,0.03,0.42,1.16,0.58,98.27,31.0,33,133.0,140,0
